<diagram program="umletino" version="14.2"><zoom_level>10</zoom_level><help_text></help_text><element><id>UMLDeployment</id><coordinates><x>230</x><y>410</y><w>250</w><h>240</h></coordinates><panel_attributes>Server</panel_attributes><additional_attributes></additional_attributes></element><element><id>UMLGeneric</id><coordinates><x>280</x><y>490</y><w>160</w><h>100</h></coordinates><panel_attributes>symbol=component
SaudacaoServer</panel_attributes><additional_attributes></additional_attributes></element><element><id>Relation</id><coordinates><x>340</x><y>200</y><w>30</w><h>310</h></coordinates><panel_attributes>lt=&lt;&lt;&lt;-</panel_attributes><additional_attributes>10;290;10;10</additional_attributes></element><element><id>UMLDeployment</id><coordinates><x>240</x><y>40</y><w>250</w><h>240</h></coordinates><panel_attributes>Cliente</panel_attributes><additional_attributes></additional_attributes></element><element><id>UMLGeneric</id><coordinates><x>270</x><y>110</y><w>160</w><h>100</h></coordinates><panel_attributes>symbol=component
SaudacaoCliente</panel_attributes><additional_attributes></additional_attributes></element></diagram>